{
"author": ".NET Express Project",
"classifications": [ "Web", "MVC", "Razor Pages" ],
"name": "ASP.NET Core Web App (AdminLTE Template)",
"identity": "Dynamic.NET.AdminLTE.Templates.StarterMVCWeb", 	// Unique name for this template
"shortName": "mvc-adminlte",								// Short name that can be used on the cli
"tags": {
  "language": "C#",										// Specify that this template is in C#.
	"type": "project"
},
"sourceName": "Company.WebApplication1",					// Will replace the string 'Company.WebApplication1' with the value provided via -n.
"preferNameDirectory" : "true"
}